,0,1
0,MMM,BDX
1,MMM,EMN
2,AOS,ACN
3,AOS,APTV
4,AOS,CNP
5,AOS,CRL
6,AOS,C
7,AOS,DFS
8,AOS,LLY
9,AOS,HUM
10,AOS,LH
11,AOS,NI
12,AOS,PEG
13,AOS,PHM
14,AOS,ROL
15,AOS,SRE
16,AOS,TMO
17,AOS,V
18,ABT,BBY
19,ABT,CRL
20,ABT,CTRA
21,ABT,DVN
22,ABT,GRMN
23,ABT,LH
24,ABT,MTB
25,ABT,MCK
26,ABT,NKE
27,ABT,PNR
28,ABT,PKI
29,ABT,ROL
30,ABT,USB
31,ABT,UNH
32,ABBV,ALL
33,ABBV,STZ
34,ABBV,EVRG
35,ABBV,ES
36,ABBV,KMI
37,ABBV,LDOS
38,ABBV,RTX
39,ABBV,SO
40,ABBV,WMB
41,ACN,ALK
42,ACN,ARE
43,ACN,AEE
44,ACN,APTV
45,ACN,BDX
46,ACN,WRB
47,ACN,CNP
48,ACN,CRL
49,ACN,GLW
50,ACN,CVS
51,ACN,DVN
52,ACN,DFS
53,ACN,EIX
54,ACN,ELV
55,ACN,ETR
56,ACN,HSY
57,ACN,HES
58,ACN,IRM
59,ACN,LHX
60,ACN,LH
61,ACN,NI
62,ACN,PM
63,ACN,PNC
64,ACN,PGR
65,ACN,PRU
66,ACN,PEG
67,ACN,ROL
68,ACN,SPGI
69,ACN,SRE
70,ACN,TMO
71,ACN,UPS
72,ACN,WMB
73,ADM,ALL
74,ADM,DHR
75,ADM,ELV
76,ADM,IRM
77,ADM,MAS
78,ADM,MOH
79,ADM,PAYC
80,ADM,TRGP
81,ADM,TMO
82,A,BDX
83,A,LVS
84,APD,CTVA
85,APD,ROL
86,ALK,ARE
87,ALK,APTV
88,ALK,BBWI
89,ALK,CDAY
90,ALK,CRL
91,ALK,CVS
92,ALK,GM
93,ALK,LH
94,ALK,MLM
95,ALB,EL
96,ARE,DFS
97,ARE,LH
98,ALLE,DFS
99,ALLE,DD
100,ALLE,HPE
101,ALLE,HUM
102,ALLE,TMO
103,ALLE,UNH
104,ALLE,WMB
105,ALL,CNC
106,ALL,CDAY
107,ALL,CF
108,ALL,CVX
109,ALL,CVS
110,ALL,DHR
111,ALL,ELV
112,ALL,IQV
113,ALL,LMT
114,ALL,MAS
115,ALL,MSCI
116,ALL,PAYC
117,ALL,RF
118,ALL,SYY
119,ALL,TRGP
120,ALL,TEL
121,ALL,TMO
122,MO,CDAY
123,MO,FDS
124,MO,MLM
125,MO,SYK
126,AMCR,BMY
127,AMCR,CDAY
128,AMCR,TAP
129,AMCR,PAYC
130,AEE,AWK
131,AEE,BLK
132,AEE,CARR
133,AEE,CNC
134,AEE,CDAY
135,AEE,KO
136,AEE,EIX
137,AEE,ES
138,AEE,GS
139,AEE,LH
140,AEE,TAP
141,AEE,DGX
142,AEE,SPG
143,AEE,TMO
144,AEE,UHS
145,AXP,EFX
146,AXP,GM
147,AXP,HD
148,AXP,LH
149,AXP,MCO
150,AIG,CDAY
151,AIG,GS
152,AIG,HD
153,AIG,MTD
154,AIG,VMC
155,AMT,CNC
156,AMT,TAP
157,AMT,O
158,AWK,ATO
159,AWK,BDX
160,AWK,CNP
161,AWK,ED
162,AWK,DUK
163,AWK,EIX
164,AWK,ETR
165,AWK,EVRG
166,AWK,ES
167,AWK,FE
168,AWK,HUM
169,AWK,LH
170,AWK,TAP
171,AWK,NI
172,AWK,OKE
173,AWK,ORCL
174,AWK,PNW
175,AWK,PPL
176,AWK,PEG
177,AWK,DGX
178,AWK,RTX
179,AWK,ROL
180,AWK,ROP
181,AWK,SRE
182,AWK,TRGP
183,AWK,TMO
184,AWK,V
185,AWK,WEC
186,AWK,WMB
187,AMP,GS
188,AME,GS
189,AME,ROL
190,APH,BDX
191,APH,CDAY
192,APH,EIX
193,APH,EOG
194,APH,FE
195,APH,FCX
196,APH,GS
197,APH,RF
198,APH,TRGP
199,APH,WMB
200,AON,STZ
201,AON,KMI
202,AON,TRGP
203,APTV,CRL
204,APTV,GLW
205,APTV,CVS
206,APTV,DFS
207,APTV,DG
208,APTV,LLY
209,APTV,HUM
210,APTV,HII
211,APTV,IRM
212,APTV,LH
213,APTV,OXY
214,APTV,PKI
215,APTV,PNC
216,APTV,PWR
217,APTV,SYF
218,APTV,UNH
219,APTV,V
220,ANET,CDAY
221,ANET,PAYC
222,ANET,RF
223,AJG,SHW
224,T,JNJ
225,ATO,CNC
226,ATO,EIX
227,ATO,ES
228,ATO,IRM
229,ATO,TAP
230,ATO,SO
231,AZO,SHW
232,AVY,BDX
233,AVY,LLY
234,AVY,JNJ
235,AVY,TAP
236,AVY,DGX
237,BAC,CNP
238,BAC,DFS
239,BAC,MGM
240,BAC,PM
241,BAC,SRE
242,BBWI,BA
243,BBWI,CVS
244,BBWI,DFS
245,BBWI,DG
246,BBWI,HCA
247,BBWI,HLT
248,BBWI,HUM
249,BBWI,MGM
250,BBWI,PRU
251,BBWI,PWR
252,BBWI,TDG
253,BBWI,UNH
254,BBWI,V
255,BBWI,WMT
256,BDX,BLK
257,BDX,BA
258,BDX,CARR
259,BDX,CDAY
260,BDX,COO
261,BDX,GLW
262,BDX,DHR
263,BDX,ECL
264,BDX,EFX
265,BDX,EL
266,BDX,FDX
267,BDX,BEN
268,BDX,GE
269,BDX,GS
270,BDX,HPE
271,BDX,HD
272,BDX,ITW
273,BDX,ICE
274,BDX,IVZ
275,BDX,KEYS
276,BDX,LH
277,BDX,MLM
278,BDX,MA
279,BDX,MTD
280,BDX,MCO
281,BDX,MSCI
282,BDX,NKE
283,BDX,OTIS
284,BDX,PPG
285,BDX,PEG
286,BDX,DGX
287,BDX,SHW
288,BDX,STT
289,BDX,TPR
290,BDX,TMO
291,BDX,UPS
292,BDX,V
293,BDX,WAT
294,WRB,CDAY
295,WRB,DHR
296,WRB,ECL
297,WRB,ELV
298,WRB,FRC
299,WRB,LOW
300,WRB,MRO
301,WRB,MAS
302,WRB,PNC
303,WRB,TMO
304,WRB,TYL
305,WRB,YUM
306,BBY,DFS
307,BBY,EFX
308,BBY,HD
309,BBY,IPG
310,BBY,IVZ
311,BBY,NSC
312,BBY,RL
313,BBY,TMO
314,BBY,V
315,BIO,COP
316,BIO,DVN
317,BIO,XOM
318,BIO,FRC
319,BIO,NOW
320,BIO,ZTS
321,BLK,CNP
322,BLK,CDAY
323,BLK,CMS
324,BLK,DHR
325,BLK,DTE
326,BLK,DUK
327,BLK,EIX
328,BLK,ES
329,BLK,FE
330,BLK,HD
331,BLK,NI
332,BLK,ORCL
333,BLK,PEG
334,BLK,SRE
335,BLK,TPR
336,BLK,TMO
337,BK,CDAY
338,BK,EQT
339,BK,HD
340,BK,NVR
341,BK,PHM
342,BK,RL
343,BA,DHI
344,BA,HD
345,BWA,CDAY
346,BWA,GS
347,BWA,HD
348,BWA,ITW
349,BWA,MTD
350,BWA,MS
351,BWA,OXY
352,BWA,OTIS
353,BWA,PM
354,BWA,DGX
355,BSX,CDAY
356,BSX,DHI
357,BSX,HD
358,BSX,JCI
359,BSX,LEN
360,BSX,VMC
361,BMY,CL
362,BMY,STZ
363,BMY,DPZ
364,BMY,EL
365,BMY,IRM
366,BMY,KMB
367,BMY,MAS
368,BMY,TAP
369,BMY,OTIS
370,BMY,PPL
371,BMY,PHM
372,BMY,SHW
373,BMY,TMO
374,BMY,WMB
375,BMY,YUM
376,BR,CNC
377,BR,MTB
378,BR,TAP
379,BR,PAYC
380,BRO,DHR
381,BRO,TMO
382,BRO,VLO
383,CARR,CNP
384,CARR,CDAY
385,CARR,CVS
386,CARR,DUK
387,CARR,EIX
388,CARR,FE
389,CARR,MLM
390,CARR,NI
391,CARR,PEG
392,CARR,RF
393,CARR,SRE
394,CARR,TPR
395,CARR,TMO
396,CARR,WMB
397,CBRE,GLW
398,CBRE,CTRA
399,CBRE,CVS
400,CBRE,DVN
401,CBRE,DFS
402,CBRE,ECL
403,CBRE,LH
404,CBRE,PKI
405,CBRE,PXD
406,CBRE,PNC
407,CBRE,SRE
408,CBRE,TMO
409,CBRE,USB
410,CE,DGX
411,CE,SHW
412,CNC,CNP
413,CNC,CMS
414,CNC,ED
415,CNC,DTE
416,CNC,DUK
417,CNC,EIX
418,CNC,ETR
419,CNC,EQT
420,CNC,EVRG
421,CNC,ES
422,CNC,F
423,CNC,TAP
424,CNC,NEE
425,CNC,PAYC
426,CNC,PPL
427,CNC,PEG
428,CNC,RSG
429,CNC,SRE
430,CNC,SO
431,CNC,TT
432,CNC,WM
433,CNC,WEC
434,CNP,CDAY
435,CNP,DPZ
436,CNP,IQV
437,CNP,IRM
438,CNP,LH
439,CNP,TAP
440,CNP,MCO
441,CNP,SYY
442,CNP,TMO
443,CDAY,CVX
444,CDAY,STZ
445,CDAY,GLW
446,CDAY,CTVA
447,CDAY,CTRA
448,CDAY,CVS
449,CDAY,DRI
450,CDAY,DVN
451,CDAY,DG
452,CDAY,DOV
453,CDAY,ETN
454,CDAY,ETR
455,CDAY,EOG
456,CDAY,EPAM
457,CDAY,EQT
458,CDAY,FE
459,CDAY,FTV
460,CDAY,BEN
461,CDAY,FCX
462,CDAY,GE
463,CDAY,GS
464,CDAY,HAL
465,CDAY,HCA
466,CDAY,HPE
467,CDAY,HD
468,CDAY,HUM
469,CDAY,ITW
470,CDAY,IR
471,CDAY,IRM
472,CDAY,JCI
473,CDAY,JPM
474,CDAY,KMI
475,CDAY,KR
476,CDAY,LVS
477,CDAY,LEN
478,CDAY,LOW
479,CDAY,MRO
480,CDAY,MLM
481,CDAY,MTD
482,CDAY,MGM
483,CDAY,MS
484,CDAY,MSCI
485,CDAY,NI
486,CDAY,NSC
487,CDAY,OKE
488,CDAY,ORCL
489,CDAY,PH
490,CDAY,PM
491,CDAY,PNW
492,CDAY,PXD
493,CDAY,PRU
494,CDAY,RJF
495,CDAY,RTX
496,CDAY,RF
497,CDAY,ROK
498,CDAY,SRE
499,CDAY,SPG
500,CDAY,STT
501,CDAY,SYF
502,CDAY,TRGP
503,CDAY,TXT
504,CDAY,TDG
505,CDAY,URI
506,CDAY,VMC
507,CDAY,WMT
508,CDAY,WMB
509,CDAY,ZBH
510,CF,CTVA
511,CF,IRM
512,CF,PHM
513,CF,WM
514,CRL,DVN
515,CRL,DFS
516,CRL,EQT
517,CRL,OXY
518,CRL,PNR
519,CRL,PNC
520,SCHW,RL
521,CVX,ELV
522,CVX,HD
523,CVX,IRM
524,CVX,LMT
525,CVX,MAS
526,CVX,PHM
527,CMG,DPZ
528,CMG,FDS
529,CMG,PAYC
530,C,GLW
531,C,DVN
532,C,PNR
533,CFG,HD
534,CFG,SRE
535,CLX,DG
536,CLX,DGX
537,CLX,WMB
538,CMS,KO
539,CMS,EFX
540,CMS,LH
541,CMS,MTD
542,CMS,TAP
543,CMS,ORCL
544,CMS,DGX
545,CMS,SPG
546,CMS,SYY
547,CMS,UHS
548,CMS,V
549,CMS,WAT
550,KO,DUK
551,KO,EIX
552,KO,ETR
553,KO,ES
554,KO,PNW
555,KO,PPL
556,KO,SO
557,CL,DGX
558,CL,TMO
559,CMA,EL
560,COP,DHR
561,COP,ECL
562,COP,FRC
563,COP,MAS
564,COP,PAYC
565,COP,PHM
566,COP,TMO
567,COP,TYL
568,COP,ZTS
569,ED,TAP
570,ED,SYY
571,ED,WMB
572,STZ,DHI
573,STZ,DHR
574,STZ,LVS
575,STZ,LEN
576,STZ,LOW
577,STZ,NVR
578,STZ,PHM
579,STZ,TPR
580,STZ,WMB
581,COO,LH
582,GLW,DVN
583,GLW,DFS
584,GLW,ECL
585,GLW,EFX
586,GLW,EL
587,GLW,GM
588,GLW,HD
589,GLW,LH
590,GLW,PXD
591,GLW,PHM
592,GLW,TEL
593,GLW,TMO
594,GLW,UPS
595,CTVA,MAS
596,CTVA,PAYC
597,CTVA,PHM
598,CTVA,TMO
599,CTRA,DHI
600,CTRA,DHR
601,CTRA,DFS
602,CTRA,EFX
603,CTRA,HD
604,CTRA,LEN
605,CTRA,LOW
606,CTRA,NVR
607,CTRA,PNC
608,CTRA,PHM
609,CTRA,TPR
610,CTRA,TMO
611,CCI,VTR
612,CVS,DHR
613,CVS,ECL
614,CVS,EFX
615,CVS,EL
616,CVS,F
617,CVS,GM
618,CVS,HLT
619,CVS,HD
620,CVS,IVZ
621,CVS,IQV
622,CVS,LOW
623,CVS,MLM
624,CVS,MGM
625,CVS,MCO
626,CVS,MS
627,CVS,MSCI
628,CVS,NSC
629,CVS,PAYC
630,CVS,RMD
631,CVS,SPGI
632,CVS,TPR
633,CVS,TEL
634,CVS,TMO
635,CVS,TDG
636,CVS,TYL
637,CVS,UPS
638,CVS,VMC
639,DHI,EMR
640,DHI,FE
641,DHI,GS
642,DHI,LVS
643,DHI,NI
644,DHI,DGX
645,DHI,RF
646,DHI,TPR
647,DHI,TRGP
648,DHI,TMO
649,DHI,WMB
650,DHI,YUM
651,DHR,DVN
652,DHR,DPZ
653,DHR,EIX
654,DHR,ELV
655,DHR,EOG
656,DHR,EFX
657,DHR,FE
658,DHR,GS
659,DHR,HES
660,DHR,IRM
661,DHR,JNJ
662,DHR,KMI
663,DHR,MRO
664,DHR,MOS
665,DHR,PFE
666,DHR,PXD
667,DHR,SRE
668,DHR,TRGP
669,DHR,UPS
670,DHR,VLO
671,DHR,WAT
672,DHR,WMB
673,DRI,LVS
674,DRI,RJF
675,DAL,SHW
676,DAL,UNH
677,DVN,DFS
678,DVN,DPZ
679,DVN,DXC
680,DVN,ECL
681,DVN,EFX
682,DVN,EL
683,DVN,FRC
684,DVN,GRMN
685,DVN,HD
686,DVN,IQV
687,DVN,LH
688,DVN,LEN
689,DVN,MAS
690,DVN,NVR
691,DVN,PNR
692,DVN,PKI
693,DVN,PXD
694,DVN,PNC
695,DVN,PPG
696,DVN,PHM
697,DVN,NOW
698,DVN,TMO
699,DVN,TYL
700,DVN,WHR
701,DVN,ZTS
702,DFS,DOV
703,DFS,ECL
704,DFS,FRT
705,DFS,F
706,DFS,GM
707,DFS,LH
708,DFS,MGM
709,DFS,MCO
710,DFS,NKE
711,DFS,NSC
712,DFS,PNR
713,DFS,PNC
714,DFS,SHW
715,DFS,TEL
716,DFS,WHR
717,DG,GM
718,DG,HD
719,DG,NVR
720,DG,PNR
721,DG,SHW
722,DG,UNH
723,DPZ,DXC
724,DPZ,ECL
725,DPZ,EIX
726,DPZ,EL
727,DPZ,FDS
728,DPZ,FE
729,DPZ,HUM
730,DPZ,IQV
731,DPZ,IRM
732,DPZ,MRO
733,DPZ,NI
734,DPZ,OXY
735,DPZ,PAYC
736,DPZ,PXD
737,DPZ,PEG
738,DPZ,SRE
739,DPZ,TMO
740,DPZ,V
741,DPZ,WMT
742,DPZ,WMB
743,DOV,HD
744,DOV,LOW
745,DOV,MLM
746,DOV,STT
747,DOV,TMO
748,DOW,SPG
749,DTE,LH
750,DTE,MCO
751,DTE,ORCL
752,DTE,DGX
753,DTE,SPG
754,DTE,SYY
755,DTE,UHS
756,DTE,V
757,DUK,GS
758,DUK,TAP
759,DUK,ORCL
760,DUK,DGX
761,DUK,SPG
762,DUK,SYY
763,DUK,UHS
764,DUK,WAT
765,DD,GS
766,DD,HD
767,DD,JPM
768,DXC,HSY
769,DXC,OXY
770,DXC,PAYC
771,EMN,LH
772,EMN,DGX
773,ETN,GS
774,ECL,ELV
775,ECL,EOG
776,ECL,EFX
777,ECL,XOM
778,ECL,HSY
779,ECL,HES
780,ECL,HUM
781,ECL,LH
782,ECL,MTB
783,ECL,MRO
784,ECL,PAYC
785,ECL,PXD
786,ECL,PNC
787,ECL,PGR
788,ECL,PWR
789,ECL,ROL
790,ECL,TMO
791,ECL,TYL
792,ECL,UPS
793,ECL,UNH
794,ECL,VLO
795,ECL,WMB
796,EIX,ETR
797,EIX,EFX
798,EIX,GS
799,EIX,KMI
800,EIX,LH
801,EIX,LDOS
802,EIX,MTD
803,EIX,TAP
804,EIX,MCO
805,EIX,MSCI
806,EIX,NUE
807,EIX,PH
808,EIX,PRU
809,EIX,RMD
810,EIX,SYY
811,EIX,TMO
812,EIX,UHS
813,EIX,V
814,EIX,WMB
815,ELV,EL
816,ELV,KMI
817,ELV,MRO
818,ELV,MAS
819,ELV,PHM
820,ELV,TRGP
821,ELV,TEL
822,ELV,TMO
823,ELV,WMB
824,LLY,EL
825,LLY,F
826,LLY,GM
827,LLY,HD
828,LLY,NKE
829,LLY,PNR
830,LLY,PPG
831,LLY,SHW
832,EMR,HD
833,EMR,LEN
834,ETR,IRM
835,ETR,KMI
836,ETR,LH
837,ETR,LDOS
838,ETR,MMC
839,ETR,TAP
840,ETR,TMO
841,ETR,WMB
842,EOG,FRC
843,EOG,HD
844,EOG,LEN
845,EOG,MAS
846,EOG,PAYC
847,EOG,TMO
848,EOG,TYL
849,EPAM,J
850,EPAM,JNJ
851,EPAM,PFE
852,EPAM,RSG
853,EQT,HD
854,EQT,LH
855,EQT,LOW
856,EQT,NVR
857,EQT,PNR
858,EQT,PHM
859,EFX,FE
860,EFX,HUM
861,EFX,LH
862,EFX,MCO
863,EFX,NI
864,EFX,NSC
865,EFX,PKI
866,EFX,PEG
867,EFX,DGX
868,EFX,ROL
869,EFX,SPGI
870,EFX,SRE
871,EFX,TMO
872,EFX,USB
873,EFX,UPS
874,EFX,WMB
875,EL,GS
876,EL,HUM
877,EL,LH
878,EL,LIN
879,EL,MRO
880,EL,MA
881,EL,TAP
882,EL,PAYC
883,EL,PFE
884,EL,PM
885,EL,PXD
886,EL,DGX
887,EL,ROL
888,EL,TMO
889,EL,UPS
890,EL,V
891,EL,WMB
892,RE,MET
893,EVRG,TAP
894,EVRG,DGX
895,EVRG,TMO
896,EVRG,UHS
897,ES,GS
898,ES,LH
899,ES,LDOS
900,ES,TAP
901,ES,PNW
902,ES,DGX
903,ES,O
904,ES,SPG
905,ES,SYY
906,ES,TMO
907,ES,UHS
908,ES,WAT
909,XOM,HES
910,XOM,MAS
911,XOM,TMO
912,XOM,TYL
913,XOM,ZTS
914,FDS,FE
915,FDS,PAYC
916,FDS,RCL
917,FDS,SHW
918,FRT,HUM
919,FRT,KIM
920,FRT,LH
921,FRT,PPL
922,FRT,PRU
923,FRT,ROP
924,FRT,SHW
925,FRT,TMO
926,FRT,WMB
927,FDX,DGX
928,FE,GS
929,FE,HD
930,FE,LEN
931,FE,MLM
932,FE,MSCI
933,FE,OKE
934,FE,ORCL
935,FE,PAYC
936,FE,ROP
937,FE,TPR
938,FE,TXT
939,FE,UHS
940,FE,V
941,FLT,LH
942,F,GM
943,F,HUM
944,F,TAP
945,F,TEL
946,F,TMO
947,FTV,GS
948,FTV,TAP
949,FTV,RF
950,BEN,HD
951,BEN,PHM
952,BEN,DGX
953,BEN,TPR
954,BEN,TMO
955,FCX,GS
956,FCX,HD
957,FCX,RF
958,GRMN,LH
959,GD,MAS
960,GD,PAYC
961,GE,HD
962,GE,JPM
963,GE,LEN
964,GE,LOW
965,GE,SPG
966,GM,HUM
967,GM,KMI
968,GM,MTB
969,GM,TAP
970,GM,NCLH
971,GM,OXY
972,GM,PM
973,GM,PXD
974,GM,PNC
975,GM,PRU
976,GM,RF
977,GM,SRE
978,GM,SYF
979,GM,TRGP
980,GM,UNH
981,GM,WMB
982,GS,IR
983,GS,IVZ
984,GS,JCI
985,GS,LVS
986,GS,LEN
987,GS,MET
988,GS,NI
989,GS,OKE
990,GS,PM
991,GS,PNW
992,GS,PEG
993,GS,RF
994,GS,TPR
995,GS,TMO
996,GS,TT
997,GS,WMB
998,GS,ZBH
999,HAL,LEN
1000,HAL,PAYC
1001,HIG,DGX
1002,HCA,SYK
1003,HCA,VMC
1004,PEAK,LH
1005,HSY,MAS
1006,HSY,PNC
1007,HSY,NOW
1008,HSY,TMO
1009,HSY,WHR
1010,HSY,ZTS
1011,HES,MAS
1012,HES,MHK
1013,HES,TMO
1014,HES,WHR
1015,HPE,HD
1016,HPE,IPG
1017,HPE,MTD
1018,HLT,PRU
1019,HD,HUM
1020,HD,ITW
1021,HD,IR
1022,HD,IPG
1023,HD,JCI
1024,HD,JPM
1025,HD,JNPR
1026,HD,KEY
1027,HD,KMI
1028,HD,LVS
1029,HD,LEN
1030,HD,LYB
1031,HD,MTB
1032,HD,MRO
1033,HD,MA
1034,HD,MTD
1035,HD,MS
1036,HD,NI
1037,HD,NVR
1038,HD,OMC
1039,HD,OKE
1040,HD,ORCL
1041,HD,OTIS
1042,HD,PH
1043,HD,PAYC
1044,HD,PM
1045,HD,PXD
1046,HD,PPG
1047,HD,PEG
1048,HD,PHM
1049,HD,DGX
1050,HD,RTX
1051,HD,RF
1052,HD,RSG
1053,HD,ROL
1054,HD,SRE
1055,HD,SPG
1056,HD,STT
1057,HD,TPR
1058,HD,TRGP
1059,HD,TMO
1060,HD,TDG
1061,HD,WFC
1062,HD,WMB
1063,HRL,TMO
1064,HWM,PNW
1065,HWM,DGX
1066,HWM,WAB
1067,HUM,LEN
1068,HUM,LOW
1069,HUM,MLM
1070,HUM,NKE
1071,HUM,NSC
1072,HUM,NVR
1073,HUM,OXY
1074,HUM,PNR
1075,HUM,PPG
1076,HUM,PHM
1077,HUM,SHW
1078,HUM,SNA
1079,HUM,SYF
1080,HUM,TEL
1081,HUM,TXT
1082,HII,MAS
1083,HII,PNR
1084,HII,PHM
1085,IBM,LHX
1086,IEX,ROL
1087,IEX,UNH
1088,ITW,LEN
1089,ITW,NI
1090,ITW,PH
1091,ITW,TPR
1092,IR,LEN
1093,IR,RF
1094,IR,TPR
1095,IP,DGX
1096,IFF,DGX
1097,IVZ,NKE
1098,IVZ,NSC
1099,IVZ,PG
1100,IVZ,TMO
1101,IQV,LH
1102,IQV,NI
1103,IQV,PEG
1104,IQV,SRE
1105,IQV,TMO
1106,IQV,V
1107,IRM,KMI
1108,IRM,LDOS
1109,IRM,LEN
1110,IRM,LMT
1111,IRM,MAS
1112,IRM,NUE
1113,IRM,NVR
1114,IRM,PAYC
1115,IRM,PHM
1116,IRM,RMD
1117,IRM,SRE
1118,IRM,TRGP
1119,IRM,WMB
1120,J,WMB
1121,JNJ,KMB
1122,JNJ,PAYC
1123,JNJ,WMB
1124,JCI,LEN
1125,JCI,PEG
1126,JCI,RF
1127,JCI,TPR
1128,JCI,TXT
1129,JCI,VMC
1130,JPM,NVR
1131,JPM,OGN
1132,JPM,PHM
1133,JPM,RL
1134,JPM,TPR
1135,K,PNR
1136,KEYS,TAP
1137,KMB,DGX
1138,KMB,SYY
1139,KMB,WAT
1140,KIM,ROP
1141,KMI,LEN
1142,KMI,LIN
1143,KMI,MMC
1144,KMI,NUE
1145,KMI,PAYC
1146,KMI,PPL
1147,KMI,PHM
1148,KMI,DGX
1149,KMI,TMO
1150,KMI,WFC
1151,KR,LHX
1152,KR,LEN
1153,KR,PAYC
1154,LHX,MOS
1155,LHX,PPL
1156,LH,MAS
1157,LH,MA
1158,LH,MAA
1159,LH,MCO
1160,LH,NKE
1161,LH,NI
1162,LH,NSC
1163,LH,PKG
1164,LH,PNR
1165,LH,PKI
1166,LH,PPL
1167,LH,PLD
1168,LH,PEG
1169,LH,PHM
1170,LH,SPGI
1171,LH,SRE
1172,LH,NOW
1173,LH,SHW
1174,LH,SO
1175,LH,LUV
1176,LH,TEL
1177,LH,TMO
1178,LH,USB
1179,LH,UNP
1180,LH,V
1181,LH,WEC
1182,LH,WRK
1183,LH,WHR
1184,LVS,LEN
1185,LVS,RF
1186,LVS,TPR
1187,LVS,TT
1188,LVS,YUM
1189,LDOS,PPL
1190,LDOS,WMB
1191,LEN,MTB
1192,LEN,MTD
1193,LEN,MS
1194,LEN,MOS
1195,LEN,NI
1196,LEN,OKE
1197,LEN,PH
1198,LEN,PAYC
1199,LEN,PXD
1200,LEN,DGX
1201,LEN,RF
1202,LEN,ROK
1203,LEN,STT
1204,LEN,SYY
1205,LEN,TRGP
1206,LEN,TDG
1207,LEN,WMB
1208,LEN,YUM
1209,LIN,PM
1210,LIN,DGX
1211,LIN,TRGP
1212,LIN,WMB
1213,LOW,MS
1214,LOW,MOS
1215,LOW,PXD
1216,LOW,RF
1217,LOW,ROK
1218,LOW,STT
1219,LOW,TRGP
1220,LYB,SHW
1221,MTB,PAYC
1222,MTB,PHM
1223,MTB,O
1224,MTB,TMO
1225,MRO,MAS
1226,MRO,PHM
1227,MRO,TMO
1228,MRO,TYL
1229,MMC,NUE
1230,MMC,PPL
1231,MMC,TRGP
1232,MMC,WMB
1233,MLM,MGM
1234,MLM,NSC
1235,MLM,PRU
1236,MLM,RF
1237,MLM,ROK
1238,MLM,SRE
1239,MLM,TRGP
1240,MLM,TDG
1241,MLM,WMB
1242,MAS,MCK
1243,MAS,PXD
1244,MAS,PGR
1245,MAS,ROL
1246,MAS,UNH
1247,MA,NKE
1248,MA,PFE
1249,MA,PM
1250,MA,PG
1251,MA,DGX
1252,MA,SHW
1253,MCD,PG
1254,MCK,WHR
1255,MET,YUM
1256,MTD,ORCL
1257,MTD,PH
1258,MTD,PEG
1259,MTD,TPR
1260,MTD,TXT
1261,MTD,WMB
1262,MGM,PRU
1263,MGM,WFC
1264,MHK,UNH
1265,TAP,PPL
1266,TAP,O
1267,TAP,RF
1268,TAP,RSG
1269,TAP,ROK
1270,TAP,SRE
1271,TAP,SO
1272,TAP,SYY
1273,TAP,TEL
1274,TAP,TT
1275,TAP,VICI
1276,TAP,WAT
1277,TAP,WEC
1278,MCO,NI
1279,MCO,NSC
1280,MCO,PEG
1281,MCO,ROL
1282,MCO,SRE
1283,MCO,SO
1284,MCO,TMO
1285,MCO,V
1286,MS,MSCI
1287,MS,RF
1288,MS,TPR
1289,MOS,NVR
1290,MOS,PHM
1291,MOS,RMD
1292,MSCI,PEG
1293,MSCI,RF
1294,MSCI,ROK
1295,MSCI,SRE
1296,MSCI,TPR
1297,MSCI,TDG
1298,MSCI,ZBH
1299,NEE,PAYC
1300,NKE,OXY
1301,NKE,PKI
1302,NKE,PFE
1303,NKE,PG
1304,NKE,ROL
1305,NKE,TMO
1306,NKE,V
1307,NI,DGX
1308,NI,SHW
1309,NI,SPG
1310,NI,TMO
1311,NI,UHS
1312,NI,V
1313,NI,WAT
1314,NSC,ROL
1315,NSC,TMO
1316,NSC,V
1317,NUE,TRGP
1318,NUE,WMB
1319,NVR,PXD
1320,NVR,PHM
1321,NVR,RSG
1322,NVR,STT
1323,NVR,TRGP
1324,NVR,WM
1325,NVR,WMB
1326,OXY,PPG
1327,OXY,PHM
1328,OXY,PWR
1329,OXY,TMO
1330,OMC,ZBH
1331,OKE,PAYC
1332,OKE,ROP
1333,ORCL,PG
1334,ORCL,PEG
1335,ORCL,SO
1336,ORCL,TPR
1337,ORCL,TMO
1338,OTIS,DGX
1339,OTIS,ROL
1340,OTIS,TPR
1341,PKG,SPG
1342,PH,PEG
1343,PH,RF
1344,PAYC,PFE
1345,PAYC,PM
1346,PAYC,PXD
1347,PAYC,RF
1348,PAYC,RMD
1349,PAYC,SRE
1350,PAYC,SHW
1351,PAYC,TRGP
1352,PAYC,TMO
1353,PAYC,V
1354,PAYC,WMT
1355,PAYC,WMB
1356,PNR,PKI
1357,PNR,PWR
1358,PNR,DGX
1359,PNR,ROL
1360,PNR,TMO
1361,PNR,USB
1362,PNR,UNH
1363,PKI,SRE
1364,PKI,NOW
1365,PFE,PHM
1366,PFE,TMO
1367,PFE,V
1368,PFE,WAT
1369,PM,PPG
1370,PM,SHW
1371,PM,TMO
1372,PM,V
1373,PM,WFC
1374,PNW,DGX
1375,PNW,SO
1376,PNW,TMO
1377,PNW,WAB
1378,PNW,WAT
1379,PXD,PPG
1380,PXD,PHM
1381,PXD,TMO
1382,PXD,TYL
1383,PNC,TEL
1384,PPG,DGX
1385,PPG,TMO
1386,PPL,DGX
1387,PPL,ROL
1388,PPL,TMO
1389,PPL,WMB
1390,PG,V
1391,PLD,RMD
1392,PRU,TDY
1393,PEG,DGX
1394,PEG,ROK
1395,PEG,SPG
1396,PEG,TMO
1397,PEG,UHS
1398,PEG,V
1399,PEG,WAT
1400,PSA,RMD
1401,PHM,DGX
1402,PHM,ROL
1403,PHM,SRE
1404,PHM,SPG
1405,PHM,TRGP
1406,PHM,UNH
1407,PHM,VLO
1408,PHM,WMB
1409,PHM,YUM
1410,PWR,SHW
1411,DGX,O
1412,DGX,SHW
1413,DGX,SO
1414,DGX,TPR
1415,DGX,V
1416,DGX,WAB
1417,DGX,YUM
1418,RL,STT
1419,RTX,YUM
1420,RF,ROK
1421,RF,TPR
1422,RF,VMC
1423,RMD,ROK
1424,RMD,SRE
1425,ROK,VMC
1426,ROL,SPGI
1427,ROL,SHW
1428,ROL,SNA
1429,ROL,TEL
1430,ROL,TT
1431,ROL,XYL
1432,ROP,SO
1433,ROP,TMO
1434,SPGI,SRE
1435,SPGI,TMO
1436,SPGI,UPS
1437,SRE,SYY
1438,SRE,TMO
1439,SRE,V
1440,SRE,WM
1441,NOW,ZTS
1442,SHW,UNH
1443,SHW,WMB
1444,SPG,TMO
1445,SPG,WMB
1446,SO,SYY
1447,SO,UHS
1448,SO,WAT
1449,SYF,UNH
1450,SYY,WEC
1451,TPR,TDG
1452,TRGP,TMO
1453,TRGP,VMC
1454,TRGP,WFC
1455,TEL,UNH
1456,TXT,VMC
1457,TMO,TDG
1458,TMO,TYL
1459,TMO,UPS
1460,TMO,VLO
1461,TMO,V
1462,TMO,WAT
1463,TMO,WEC
1464,TMO,WHR
1465,TMO,WMB
1466,TMO,YUM
1467,TT,UNH
1468,TDG,VMC
1469,TYL,VLO
1470,USB,WHR
1471,URI,WAB
1472,UNH,WHR
1473,UNH,XYL
1474,VLO,ZTS
1475,VMC,WMB
1476,WFC,WMB
1477,WMB,YUM
